{
  "id": "2689596",
  "name": "bishe",
  "font_family": "iconfont",
  "css_prefix_text": "icon-",
  "description": "",
  "glyphs": [
    {
      "icon_id": "1214796",
      "name": "钻石",
      "font_class": "zuanshi",
      "unicode": "e60d",
      "unicode_decimal": 58893
    },
    {
      "icon_id": "691112",
      "name": "回到顶部",
      "font_class": "huidaodingbu",
      "unicode": "e632",
      "unicode_decimal": 58930
    },
    {
      "icon_id": "782377",
      "name": "客服",
      "font_class": "kefu",
      "unicode": "e65a",
      "unicode_decimal": 58970
    },
    {
      "icon_id": "15727002",
      "name": "足迹",
      "font_class": "zuji",
      "unicode": "e663",
      "unicode_decimal": 58979
    },
    {
      "icon_id": "22362199",
      "name": "签到",
      "font_class": "qiandao",
      "unicode": "e627",
      "unicode_decimal": 58919
    },
    {
      "icon_id": "1306",
      "name": "购物车空",
      "font_class": "gouwuchekong",
      "unicode": "e600",
      "unicode_decimal": 58880
    }
  ]
}
